id,file_name,folder_type,pitch,yaw,roll
m_000000,frame_000525.jpg,A1,15.13,4.38,2.36
m_000000,frame_000041.jpg,A2,14.84,-23.58,-1.17
m_000000,frame_000068.jpg,A2,-2.19,0.29,1.03
m_000000,frame_000250.jpg,A2,11.42,-2.08,2.71
m_000000,frame_000315.jpg,A2,12.59,20.61,3.09
m_000000,frame_000576.jpg,A2,36,14.93,7.87
m_000001,frame_000001.jpg,A1,19.47,-11.21,1.6
m_000001,frame_000016.jpg,A2,-1.77,-5.48,1.01
m_000001,frame_000070.jpg,A2,18.16,-3.31,1.92
m_000001,frame_000120.jpg,A2,15.58,13.87,3.15
m_000001,frame_000175.jpg,A2,-12.72,21.82,-1.27
m_000001,frame_000202.jpg,A2,7.68,-25.99,0.47
m_000001,frame_000203.jpg,A2,-67.11,-19.91,4.67
m_000001,frame_000214.jpg,A2,-66.65,2.26,-4.3
m_000001,frame_000227.jpg,A2,-70.83,-4.96,-1.91
m_000001,frame_000250.jpg,A2,-22.93,11.98,-2.71
m_000001,frame_000357.jpg,A2,-25.61,4.5,-1.65
m_000001,frame_000409.jpg,A2,-44.98,3.81,-3.54
m_000001,frame_000423.jpg,A2,6.18,-0.77,1.94
m_000001,frame_000436.jpg,A2,6,10.11,2.16
m_000001,frame_000463.jpg,A2,-29.13,21.18,-4.39
m_000001,frame_000568.jpg,A2,19.9,26.55,7.29
m_000001,frame_000581.jpg,A2,-8.27,-29.44,3.39
m_000001,frame_000596.jpg,A2,-72.23,2.33,-10.09
m_000002,frame_000001.jpg,A1,2.25,1.66,1.79
m_000002,frame_000044.jpg,A2,-23.09,27.65,-5.29
m_000002,frame_000147.jpg,A2,34.18,31,12.9
m_000002,frame_000162.jpg,A2,20.5,20.13,9.95
m_000002,frame_000187.jpg,A2,-23.83,2.1,-0.61
m_000002,frame_000253.jpg,A2,-20.64,9.49,-1.15
m_000002,frame_000292.jpg,A2,12.6,-20.89,-0.3
m_000002,frame_000331.jpg,A2,45.9,-10.95,1.6
m_000002,frame_000335.jpg,A2,60.19,19.35,15.84
m_000002,frame_000339.jpg,A2,17.24,13.59,5.06
m_000002,frame_000352.jpg,A2,14.16,-18.79,0.49
m_000002,frame_000381.jpg,A2,-1.02,32.3,1.39
m_000002,frame_000397.jpg,A2,-2.15,37.03,1.78
m_000002,frame_000632.jpg,A2,47.72,33.2,22.17
m_000002,frame_000672.jpg,A2,-31.08,19.73,-6.53
m_000002,frame_000684.jpg,A2,-47,27.51,-12.15
m_000002,frame_000774.jpg,A2,-1.22,32.73,2.56
m_000002,frame_000786.jpg,A2,5.49,27.7,3.01
m_000002,frame_000802.jpg,A2,14.93,18.57,5.71
m_000002,frame_000853.jpg,A2,-19.69,-1.8,0.58
m_000002,frame_000868.jpg,A2,-1.77,34.16,1
m_000002,frame_000869.jpg,A2,-0.77,43.76,1.05
m_000002,frame_000884.jpg,A2,4.63,-8.66,1.77
m_000003,frame_000000.jpg,A1,4.82,-14.26,1.5
m_000003,frame_000084.jpg,A2,-10.93,5.23,-1.35
m_000003,frame_000128.jpg,A2,-11.29,35.86,-1.94
m_000003,frame_000164.jpg,A2,-19.27,7.8,-1.88
m_000003,frame_000189.jpg,A2,10.21,-26.58,0.78
m_000003,frame_000376.jpg,A2,26.74,-2.38,0.86
m_000003,frame_000467.jpg,A2,-24.35,1.04,2.38
m_000003,frame_000550.jpg,A2,-1.84,41.9,-0.98
m_000003,frame_000565.jpg,A2,-7.05,12.46,0.28
m_000003,frame_000568.jpg,A2,-9.39,7.46,1.18
m_000003,frame_000570.jpg,A2,27.53,-7.15,1.83
m_000004,frame_000502.jpg,A1,23.69,-7.58,0.73
m_000004,frame_000033.jpg,A2,18.31,13.97,5.08
m_000004,frame_000153.jpg,A2,1.57,-14.78,1.45
m_000004,frame_000167.jpg,A2,-13.15,5.24,-0.65
m_000004,frame_000179.jpg,A2,-26.13,7.07,-2.93
m_000004,frame_000183.jpg,A2,-24.18,25.71,-9.38
m_000004,frame_000204.jpg,A2,12.89,-13.33,0.91
m_000004,frame_000276.jpg,A2,19.32,23.92,5.26
m_000004,frame_000283.jpg,A2,18.99,39.15,11.26
m_000004,frame_000314.jpg,A2,31.52,7.43,7.96
m_000004,frame_000317.jpg,A2,13.97,-6.61,0.3
m_000004,frame_000383.jpg,A2,-10.61,-12.99,1.44
m_000004,frame_000461.jpg,A2,-29.14,-25.73,4.52
m_000004,frame_000542.jpg,A2,-25.5,-7.67,1.12
m_000004,frame_000653.jpg,A2,37.68,4.21,6.18
m_000004,frame_000705.jpg,A2,-20.84,28.62,-5.24
m_000004,frame_000787.jpg,A2,-6.97,36.12,0.8
m_000004,frame_000788.jpg,A2,-9.92,41.61,-1.38
m_000005,frame_000001.jpg,A1,8.46,-4.4,0.55
m_000005,frame_000029.jpg,A2,-0.31,15.92,-1.71
m_000005,frame_000112.jpg,A2,0.85,32.2,-3.98
m_000005,frame_000215.jpg,A2,4.33,-8.81,0.41
m_000005,frame_000228.jpg,A2,-20.29,-11.1,-0.29
m_000005,frame_000243.jpg,A2,5.9,-30.11,-12.04
m_000005,frame_000447.jpg,A2,33.2,24.39,9.97
m_000005,frame_000473.jpg,A2,8.53,5.57,1.09
m_000005,frame_000486.jpg,A2,2.17,13.46,0.69
m_000005,frame_000650.jpg,A2,24.85,33.36,9.96
m_000005,frame_000686.jpg,A2,24.67,34.9,10.41
m_000005,frame_000724.jpg,A2,21.18,-20.01,-0.28
m_000006,frame_000002.jpg,A1,5.04,-11.16,0.78
m_000006,frame_000029.jpg,A2,-5.45,0.9,-0.29
m_000006,frame_000082.jpg,A2,12.45,-18.41,0.76
m_000006,frame_000122.jpg,A2,11.44,-27.94,-0.86
m_000006,frame_000197.jpg,A2,8.2,-24.82,-0.03
m_000006,frame_000509.jpg,A2,17.7,-18.43,0.4
m_000006,frame_000568.jpg,A2,21.58,-24.97,-0.71
m_000006,frame_000601.jpg,A2,7.96,0.54,1.27
m_000006,frame_000752.jpg,A2,-7.49,-4.44,-0.26
m_000006,frame_000757.jpg,A2,-5.19,-5.19,0.24
m_000006,frame_000976.jpg,A2,18.42,8.44,3.49
m_000007,frame_000000.jpg,A1,18.22,-6.9,1.04
m_000007,frame_000102.jpg,A2,4.26,-11.5,0.97
m_000007,frame_000105.jpg,A2,9.1,-30.33,0.09
m_000007,frame_000154.jpg,A2,36.1,-10.96,2.1
m_000007,frame_000166.jpg,A2,28.13,-14.64,1.19
m_000007,frame_000179.jpg,A2,9.89,-6.49,0.58
m_000007,frame_000184.jpg,A2,31.03,2.1,3.83
m_000007,frame_000222.jpg,A2,27.79,-16.15,-0.09
m_000007,frame_000248.jpg,A2,-25.69,-13.88,2.79
m_000007,frame_000278.jpg,A2,-59.15,8.83,-9.65
m_000007,frame_000291.jpg,A2,-28.8,10.63,-3.76
m_000007,frame_000317.jpg,A2,-29.31,-0.54,-5.05
m_000007,frame_000343.jpg,A2,25.62,-23.56,-7.03
m_000007,frame_000464.jpg,A2,-25.16,-13.75,2.03
m_000007,frame_000516.jpg,A2,14.34,-22.97,-0.66
m_000007,frame_000519.jpg,A2,11.37,-11.5,0.21
m_000007,frame_000563.jpg,A2,37.99,10.3,3.69
m_000007,frame_000583.jpg,A2,22.56,-2.58,1.93
m_000007,frame_000603.jpg,A2,12.2,2.78,0.09
m_000007,frame_000655.jpg,A2,-21.88,5.85,-0.78
m_000007,frame_000693.jpg,A2,-8.44,-2.06,-1.03
m_000007,frame_000734.jpg,A2,23.77,-27.52,-3.37
m_000007,frame_000760.jpg,A2,16.71,1.63,1.71
m_000007,frame_000769.jpg,A2,31.83,10.6,6.2
m_000007,frame_000966.jpg,A2,25.08,19.22,7.42
m_000007,frame_001000.jpg,A2,-9.51,-11.37,0.4
m_000007,frame_001007.jpg,A2,-9.08,-8.71,0.49
m_000007,frame_001022.jpg,A2,-15.73,26.32,-3.74
m_000007,frame_001065.jpg,A2,20.41,27.71,7.06
m_000007,frame_001170.jpg,A2,51.04,3.98,7.6
m_000007,frame_001174.jpg,A2,42.52,-0.94,3.59
m_000007,frame_001184.jpg,A2,22.52,2.68,3.15
m_000007,frame_001197.jpg,A2,20.47,3.98,5.66
m_000008,frame_000127.jpg,A1,19.23,-6.55,2.03
m_000008,frame_000000.jpg,A2,-6.33,-4.36,1.39
m_000008,frame_000018.jpg,A2,-12.57,-9.35,1.61
m_000008,frame_000069.jpg,A2,3.66,-10.28,1.36
m_000008,frame_000095.jpg,A2,-4.46,-31.37,1.44
m_000008,frame_000122.jpg,A2,3.71,13.76,2.45
m_000008,frame_000213.jpg,A2,0.52,-12.72,0.9
m_000008,frame_000259.jpg,A2,44.62,3.68,6.43
m_000008,frame_000266.jpg,A2,-67.93,-36.66,16.98
m_000008,frame_000267.jpg,A2,21.15,-5.21,2.14
m_000008,frame_000396.jpg,A2,5.53,2.77,1.06
m_000008,frame_000407.jpg,A2,-14.61,10.51,-1.94
m_000008,frame_000458.jpg,A2,46.32,11.57,10.28
m_000008,frame_000469.jpg,A2,40.83,-0.71,4.6
m_000008,frame_000481.jpg,A2,25.1,-25.73,-1.8
m_000008,frame_000502.jpg,A2,19.45,15.04,4.27
m_000008,frame_000521.jpg,A2,22.84,17.35,5.92
m_000008,frame_000542.jpg,A2,-15.86,-9.81,1.13
m_000008,frame_000548.jpg,A2,68.28,-14.11,-0.93
m_000008,frame_000566.jpg,A2,-38.06,5.2,-2.9
m_000008,frame_000594.jpg,A2,-19.68,-1.66,-0.04
m_000008,frame_000609.jpg,A2,0,-1.79,0.46
m_000008,frame_000654.jpg,A2,10.74,31.9,1.3
m_000008,frame_000711.jpg,A2,39.53,1.66,4.5
m_000008,frame_000720.jpg,A2,26.8,25.64,9.96
m_000008,frame_000721.jpg,A2,17.96,24.96,5.68
m_000008,frame_000732.jpg,A2,-38.43,-6,-3.69
m_000008,frame_000748.jpg,A2,-40.18,-6.33,-2.29
m_000008,frame_000779.jpg,A2,-41.05,-7.62,-2.55
m_000008,frame_000791.jpg,A2,-20.52,4.34,4.18
m_000008,frame_000824.jpg,A2,-32.12,-12.31,1.72
m_000008,frame_000839.jpg,A2,-27.03,-21.87,0.9
m_000008,frame_000840.jpg,A2,-27.36,-32.97,4.15
m_000009,frame_000127.jpg,A1,15.13,-7.15,2.01
m_000009,frame_000000.jpg,A2,62.05,23.19,18.87
m_000009,frame_000028.jpg,A2,37.35,-14.86,0.82
m_000009,frame_000030.jpg,A2,14.92,-2.31,2.13
m_000009,frame_000056.jpg,A2,45.57,-5.23,3.21
m_000009,frame_000108.jpg,A2,4.43,-16.73,1.03
m_000009,frame_000119.jpg,A2,0.97,-12.26,1.07
m_000009,frame_000150.jpg,A2,42.87,-8.88,1.03
m_000009,frame_000211.jpg,A2,-15.52,-4.4,0.23
m_000009,frame_000228.jpg,A2,-19.48,-2.74,0.15
m_000009,frame_000342.jpg,A2,-8,-28.25,3.58
m_000009,frame_000368.jpg,A2,-17.11,15.19,-1.91
m_000009,frame_000372.jpg,A2,-29.66,29.64,-8.35
m_000009,frame_000399.jpg,A2,-27.22,-12.14,1.21
m_000009,frame_000464.jpg,A2,-3.68,-34.86,3.23
m_000009,frame_000504.jpg,A2,10.18,20.9,2.71
m_000009,frame_000550.jpg,A2,-23.05,17.41,-3.79
m_000009,frame_000569.jpg,A2,-39.49,-0.82,-4.15
m_000009,frame_000595.jpg,A2,-21.18,-4.59,0.54
m_000009,frame_000608.jpg,A2,-5.64,-2.58,0.62
m_000009,frame_000621.jpg,A2,-64.37,17.13,-14.97
m_000009,frame_000660.jpg,A2,-56.84,-2.32,-3.75
m_000009,frame_000674.jpg,A2,-53.1,6.56,-9.99
m_000009,frame_000687.jpg,A2,15.62,5.49,3.73
m_000009,frame_000741.jpg,A2,-23.94,-3.11,1.3
m_000009,frame_000781.jpg,A2,1.08,-2.61,2.01
m_000009,frame_000985.jpg,A2,-41.71,19.73,-8.71
m_000009,frame_001003.jpg,A2,-26.77,36.54,-7.48
m_000010,frame_000508.jpg,A1,2.27,-14.64,0.83
m_000010,frame_000002.jpg,A2,2.85,-4.64,1.3
m_000010,frame_000080.jpg,A2,37.86,-12.63,2.31
m_000010,frame_000094.jpg,A2,-13.98,-10.6,0.52
m_000010,frame_000134.jpg,A2,-20.56,25.61,-4.4
m_000010,frame_000239.jpg,A2,-16.67,39.72,-4.95
m_000010,frame_000265.jpg,A2,-26.77,5.78,-2.68
m_000010,frame_000306.jpg,A2,-13.93,10.33,-0.57
m_000010,frame_000315.jpg,A2,-52.1,8.87,-8.12
m_000010,frame_000418.jpg,A2,-38.13,-56.16,14.87
m_000010,frame_000443.jpg,A2,6.89,12.57,2.78
m_000010,frame_000572.jpg,A2,0.3,-8.79,0.94
m_000010,frame_000577.jpg,A2,9.5,-28.81,-0.4
m_000010,frame_000598.jpg,A2,22.76,-3.66,3.65
m_000010,frame_000603.jpg,A2,23.63,8.73,4.16
m_000010,frame_000616.jpg,A2,-22.96,14.24,-2.15
m_000011,frame_001080.jpg,A1,-7.8,-11.55,0.5
m_000011,frame_000002.jpg,A2,-11.73,-17.43,1.01
m_000011,frame_000042.jpg,A2,-5.98,1.66,-0.11
m_000011,frame_000162.jpg,A2,4.14,-3.28,1.06
m_000011,frame_000165.jpg,A2,4.35,-32.82,0.35
m_000011,frame_000271.jpg,A2,-15.15,-27.19,2.53
m_000011,frame_000349.jpg,A2,-24.04,-21.38,2.47
m_000011,frame_000375.jpg,A2,-15.64,-11.09,1.23
m_000011,frame_000416.jpg,A2,-21.91,-10.37,1.61
m_000011,frame_000453.jpg,A2,-19.45,-12.2,2.55
m_000011,frame_000531.jpg,A2,-12.11,-4.6,-2.16
m_000011,frame_000537.jpg,A2,-14.94,-10.21,-0.58
m_000011,frame_000550.jpg,A2,-9.73,20.44,-5.26
m_000011,frame_000628.jpg,A2,3.01,-10.69,0.24
m_000011,frame_000703.jpg,A2,-10.63,-21.97,1
m_000011,frame_000705.jpg,A2,-9.27,-21.71,0.99
m_000011,frame_000761.jpg,A2,-4.02,-4.47,0.66
m_000011,frame_000801.jpg,A2,4.37,-16.48,0.78
m_000011,frame_000816.jpg,A2,43.57,15.66,10.23
m_000011,frame_000817.jpg,A2,56.15,17.82,14.77
m_000011,frame_001087.jpg,A2,-2.52,-2.93,0.46
m_000012,frame_000000.jpg,A1,5.46,7.24,0.87
m_000012,frame_000001.jpg,A2,14.52,-5.6,2.07
m_000012,frame_000055.jpg,A2,-23.06,18.9,-4.14
m_000012,frame_000085.jpg,A2,3.54,40.41,4.31
m_000012,frame_000095.jpg,A2,1.02,13.14,1.11
m_000012,frame_000214.jpg,A2,18.57,-3.42,1.6
m_000012,frame_000292.jpg,A2,8.38,-0.83,3.54
m_000012,frame_000411.jpg,A2,10.02,28.16,4.1
m_000012,frame_000526.jpg,A2,6.34,34.85,2.97
m_000012,frame_000786.jpg,A2,-18.42,-24.17,2.85
m_000012,frame_001008.jpg,A2,2.7,-22.37,1.36
m_000012,frame_001111.jpg,A2,8.09,43.99,5.63
m_000012,frame_001175.jpg,A2,4.75,11.47,2.26
m_000012,frame_001217.jpg,A2,30.96,-17.2,-1.1
m_000012,frame_001268.jpg,A2,4.39,-40.28,-0.41
m_000012,frame_001286.jpg,A2,-33.2,-26.77,4.71
m_000012,frame_001312.jpg,A2,-39.23,-22.34,4.11
m_000012,frame_001327.jpg,A2,-21.17,31.74,-5.8
m_000012,frame_001336.jpg,A2,-3.05,24.7,0.91
m_000013,frame_000001.jpg,A1,3.65,-15.89,0.89
m_000013,frame_000043.jpg,A2,12.46,8.9,3.82
m_000013,frame_000070.jpg,A2,1.33,-17.38,0.86
m_000013,frame_000121.jpg,A2,-18.64,34.55,-4.41
m_000013,frame_000122.jpg,A2,-17.6,40.9,-4.28
m_000013,frame_000135.jpg,A2,-20.11,3.27,-5.17
m_000013,frame_000146.jpg,A2,2,-5.71,1.16
m_000013,frame_000196.jpg,A2,37.26,-16.99,0.56
m_000013,frame_000207.jpg,A2,47.07,14.71,10.72
m_000013,frame_000208.jpg,A2,21.3,20.13,6.4
m_000013,frame_000234.jpg,A2,-35.13,13.55,-5.98
m_000013,frame_000240.jpg,A2,-45.85,15.25,-9.15
m_000013,frame_000261.jpg,A2,-29.17,-18.96,1.76
m_000013,frame_000275.jpg,A2,52.03,-27.09,-3.58
m_000013,frame_000288.jpg,A2,58.55,28.83,21.18
m_000013,frame_000324.jpg,A2,-22.9,-33.24,5.19
m_000013,frame_000350.jpg,A2,64.03,21.42,19.93
m_000013,frame_000370.jpg,A2,-8.06,-10.11,0.66
m_000013,frame_000384.jpg,A2,-36.16,-24.06,4.16
m_000013,frame_000402.jpg,A2,52.05,5.66,7.67
m_000013,frame_000403.jpg,A2,70.17,56.13,50.57
m_000013,frame_000416.jpg,A2,-46.81,20.02,-11.81
m_000013,frame_000520.jpg,A2,-32.26,-1.13,0.23
m_000013,frame_000533.jpg,A2,-45.76,1.75,-3.83
m_000013,frame_000571.jpg,A2,-16.55,16.07,-3.07
m_000013,frame_000577.jpg,A2,-64.74,14.93,-14.56
m_000013,frame_000584.jpg,A2,-73.07,-31.21,13.31
m_000013,frame_000599.jpg,A2,-0.95,-4.93,1.32
m_000013,frame_000651.jpg,A2,-9.3,19.87,-3.37
m_000013,frame_000743.jpg,A2,-10.96,-33.76,2.97
m_000013,frame_000751.jpg,A2,48.42,16.72,13.69
m_000013,frame_000773.jpg,A2,33.15,-7.49,3.33
m_000014,frame_000006.jpg,A1,-12.55,4.49,-0.27
m_000014,frame_000000.jpg,A2,-26.95,-5.44,-0.27
m_000014,frame_000015.jpg,A2,-9.95,-5.53,0.58
m_000014,frame_000043.jpg,A2,11.74,-6.5,0.89
m_000014,frame_000056.jpg,A2,-26.9,12.31,-5.07
m_000014,frame_000069.jpg,A2,22.27,7.86,4.42
m_000014,frame_000153.jpg,A2,-10.37,38.63,-5.25
m_000014,frame_000160.jpg,A2,1.95,-4.25,1.16
m_000014,frame_000225.jpg,A2,2.13,37.73,2.08
m_000014,frame_000238.jpg,A2,-30.11,27.49,-7.54
m_000014,frame_000251.jpg,A2,-20.97,1.09,-1.92
m_000014,frame_000294.jpg,A2,-12.12,-30.88,2.55
m_000014,frame_000315.jpg,A2,-23.13,31.04,-2.84
m_000014,frame_000340.jpg,A2,-42.82,40.65,-14.91
m_000014,frame_000344.jpg,A2,-59.84,24.44,-20.9
m_000014,frame_000414.jpg,A2,21.66,11.65,5.16
m_000014,frame_000421.jpg,A2,27.87,1.29,2.87
m_000014,frame_000442.jpg,A2,9.45,44.71,6.87
m_000014,frame_000550.jpg,A2,-12.46,26.98,-1.25
m_000014,frame_000551.jpg,A2,-2.47,6.14,1.47
m_000015,frame_000001.jpg,A1,-13.5,-16.76,2
m_000015,frame_000018.jpg,A2,-20.79,-11.26,1.62
m_000015,frame_000031.jpg,A2,-38.78,-15.5,3.75
m_000015,frame_000069.jpg,A2,-27.7,-14.36,2.42
m_000015,frame_000136.jpg,A2,71.47,11.81,13.11
m_000015,frame_000172.jpg,A2,57.11,3.81,6.91
m_000015,frame_000189.jpg,A2,-4.46,2.24,0.39
m_000015,frame_000200.jpg,A2,24.94,-17.08,-1.35
m_000015,frame_000240.jpg,A2,26.58,-0.1,2.55
m_000015,frame_000263.jpg,A2,24.7,0.17,1.88
m_000015,frame_000397.jpg,A2,-1.76,-23.28,0.3
m_000015,frame_000438.jpg,A2,-0.12,1.76,0.28
m_000015,frame_000445.jpg,A2,7.16,2.79,0.64
m_000015,frame_000543.jpg,A2,16.4,25.26,4.5
m_000015,frame_000619.jpg,A2,-22.76,-6.64,0.89
m_000015,frame_000685.jpg,A2,-10.85,-32.27,4.94
m_000015,frame_000723.jpg,A2,44.23,15.53,11.79
m_000015,frame_000826.jpg,A2,29.57,33.58,11.9
m_000015,frame_000861.jpg,A2,59.18,-8.5,1.77
m_000015,frame_000903.jpg,A2,-44.02,-24.53,6.83
m_000016,frame_000596.jpg,A1,-14.18,-1.73,0.41
m_000016,frame_000002.jpg,A2,-29.89,2.09,-1.84
m_000016,frame_000043.jpg,A2,-54.67,-9.82,-0.53
m_000016,frame_000074.jpg,A2,-16.04,-10.33,0.6
m_000016,frame_000087.jpg,A2,-10.78,36.22,-7.06
m_000016,frame_000096.jpg,A2,-18.7,17.24,-5.97
m_000016,frame_000124.jpg,A2,38.48,-12.07,1
m_000016,frame_000135.jpg,A2,14.21,2.27,2.01
m_000016,frame_000151.jpg,A2,42.67,-1.76,5.61
m_000016,frame_000187.jpg,A2,4.09,-29.89,-4.53
m_000016,frame_000194.jpg,A2,12.69,-20.46,-1.38
m_000016,frame_000207.jpg,A2,-14.44,-0.47,-4.34
m_000016,frame_000242.jpg,A2,26.91,-1.63,3.29
m_000016,frame_000255.jpg,A2,-19.62,1.42,-1.78
m_000016,frame_000303.jpg,A2,29.53,-5.69,2.59
m_000016,frame_000368.jpg,A2,28.34,-10.55,0.09
m_000016,frame_000442.jpg,A2,-3.38,-9.05,1.38
m_000016,frame_000454.jpg,A2,1.74,-2.07,1.58
m_000016,frame_000480.jpg,A2,-5.69,-41.88,-1.43
m_000016,frame_000562.jpg,A2,21.04,-2.18,2.49
m_000016,frame_000575.jpg,A2,-20.84,10.81,-2.08
m_000016,frame_000603.jpg,A2,-11.73,0.32,0.44
m_000016,frame_000615.jpg,A2,-13.4,8.62,-0.97
m_000016,frame_000656.jpg,A2,8.38,5.98,2.14
m_000017,frame_000001.jpg,A1,1.11,-10.61,1.17
m_000017,frame_000016.jpg,A2,-48.43,-0.59,-3.92
m_000017,frame_000030.jpg,A2,-25.42,-12.65,2.14
m_000017,frame_000069.jpg,A2,10.96,-18.8,0.48
m_000017,frame_000082.jpg,A2,27,-40.21,-6.17
m_000017,frame_000100.jpg,A2,-1.55,-38.96,2.38
m_000017,frame_000164.jpg,A2,-23.38,22.95,-4.79
m_000017,frame_000275.jpg,A2,22.59,10.18,5.24
m_000017,frame_000295.jpg,A2,16.31,26.34,7.6
m_000017,frame_000553.jpg,A2,14.77,-15.61,-0.2
m_000017,frame_000618.jpg,A2,3.05,-29.14,1.59
m_000017,frame_000671.jpg,A2,-1.57,-10.08,0.25
m_000017,frame_000683.jpg,A2,10.86,0.7,2.27
m_000017,frame_000784.jpg,A2,-4.79,-41.45,1.75
m_000017,frame_000843.jpg,A2,18.38,27,4.48
m_000017,frame_000927.jpg,A2,6.73,37.82,2.65
m_000017,frame_000973.jpg,A2,12.08,0.92,1.83
m_000017,frame_001058.jpg,A2,-9.26,0.79,0.45
m_000017,frame_001064.jpg,A2,-26.05,22.87,-4.89
m_000017,frame_001070.jpg,A2,-23.66,27.1,-6.58
m_000017,frame_001162.jpg,A2,25.18,-1.51,1.88
m_000017,frame_001169.jpg,A2,26.47,-2.4,2.1
m_000017,frame_001259.jpg,A2,18.43,23.21,5.13
m_000018,frame_000843.jpg,A1,0.43,1.74,0.79
m_000018,frame_000001.jpg,A2,21.89,-3.19,3.11
m_000018,frame_000042.jpg,A2,18.88,1.47,3.43
m_000018,frame_000072.jpg,A2,-5.27,13.21,0.03
m_000018,frame_000085.jpg,A2,-1.23,23.14,0.83
m_000018,frame_000111.jpg,A2,-2.67,16.56,0.21
m_000018,frame_000123.jpg,A2,36.19,-18.28,-0.69
m_000018,frame_000134.jpg,A2,34.55,-4.61,3.62
m_000018,frame_000147.jpg,A2,33.4,1.19,4.32
m_000018,frame_000161.jpg,A2,36.89,-0.62,4.06
m_000018,frame_000214.jpg,A2,37.21,-8.28,2.34
m_000018,frame_000270.jpg,A2,1.01,8.19,1.04
m_000018,frame_000305.jpg,A2,29.63,-10.11,2.45
m_000018,frame_000309.jpg,A2,27.57,-20.05,-0.29
m_000018,frame_000350.jpg,A2,3.26,4.45,1.3
m_000018,frame_000404.jpg,A2,-14.03,-6.99,-0.08
m_000018,frame_000450.jpg,A2,43.86,-13.52,0.18
m_000018,frame_000452.jpg,A2,-16.36,-12.54,1.35
m_000018,frame_000453.jpg,A2,-15.79,-1.97,-0.41
m_000018,frame_000461.jpg,A2,-15.28,-1.64,-0.3
m_000018,frame_000467.jpg,A2,-18.96,-5.94,0.35
m_000018,frame_000493.jpg,A2,-0.15,-18.91,0.95
m_000018,frame_000623.jpg,A2,-38.12,-25.02,3.82
m_000018,frame_000662.jpg,A2,-23.03,-2.84,-0.55
m_000018,frame_000758.jpg,A2,-4.76,-3.89,0.65
m_000018,frame_000763.jpg,A2,-15.23,9.05,-0.51
m_000018,frame_000767.jpg,A2,0.12,-19.93,1.42
m_000018,frame_000804.jpg,A2,-14.28,-19.28,0.5
m_000018,frame_000847.jpg,A2,-0.12,13.62,1.63
m_000019,frame_000014.jpg,A1,-0.43,-13.26,0.83
m_000019,frame_000000.jpg,A2,2.32,-6.9,0.78
m_000019,frame_000029.jpg,A2,7.22,15.83,1.66
m_000019,frame_000031.jpg,A2,5.68,21.09,1.7
m_000019,frame_000159.jpg,A2,3.32,38.66,1.85
m_000019,frame_000180.jpg,A2,-4.73,26.82,-0.05
m_000019,frame_000282.jpg,A2,16.24,-23.26,-1.63
m_000019,frame_000315.jpg,A2,18.21,-20.59,-1.77
m_000019,frame_000348.jpg,A2,36.58,-16.95,-0.83
m_000019,frame_000438.jpg,A2,15.18,20.41,4.38
m_000019,frame_000455.jpg,A2,28.42,-0.56,1.32
m_000019,frame_000593.jpg,A2,-18.61,-11.37,0.67
m_000019,frame_000619.jpg,A2,-1.82,-43.22,0.75
m_000019,frame_000630.jpg,A2,-23.25,-38.74,3.43
m_000019,frame_000712.jpg,A2,-5.35,-44.12,1.83
m_000019,frame_000731.jpg,A2,-15.1,13.66,-1.53
m_000019,frame_000738.jpg,A2,31.6,-29.91,-4.71
m_000019,frame_001012.jpg,A2,0.12,47.71,0.69
m_000019,frame_001056.jpg,A2,7.8,-22.23,0.54
m_000019,frame_001080.jpg,A2,1.51,-23.24,1.34
m_000019,frame_001105.jpg,A2,-13.56,-10.96,2.17
m_000020,frame_000005.jpg,A1,-15.57,-4.15,0.48
m_000020,frame_000002.jpg,A2,-11.43,0.61,0.33
m_000020,frame_000016.jpg,A2,-27.21,6.1,-2.62
m_000020,frame_000059.jpg,A2,-9.35,-1.96,-0.24
m_000020,frame_000084.jpg,A2,-0.69,-43.5,1.96
m_000020,frame_000097.jpg,A2,12.27,3.08,3.41
m_000020,frame_000106.jpg,A2,-6.46,-5.2,0.77
m_000020,frame_000110.jpg,A2,-6.25,4.97,0.65
m_000020,frame_000162.jpg,A2,-19.3,-12.21,1.68
m_000020,frame_000215.jpg,A2,-20.97,13.14,-0.72
m_000020,frame_000320.jpg,A2,-29.89,-23.74,4.1
m_000020,frame_000410.jpg,A2,-34.97,-24.98,4.71
m_000020,frame_000451.jpg,A2,-33.3,26.01,-7.83
m_000020,frame_000472.jpg,A2,-52.52,33.92,-19.64
m_000020,frame_000543.jpg,A2,37.69,15.57,10.08
m_000020,frame_000549.jpg,A2,-16.89,-2.29,0.93
m_000020,frame_000564.jpg,A2,-63.69,24.59,-18.63
m_000020,frame_000585.jpg,A2,-6.87,-3.61,0.89
m_000021,frame_000008.jpg,A1,11.61,-8.68,1.79
m_000021,frame_000001.jpg,A2,5.98,-7.17,2.39
m_000021,frame_000028.jpg,A2,8.41,26.53,3.62
m_000021,frame_000082.jpg,A2,22.78,32.69,8.88
m_000021,frame_000086.jpg,A2,25.65,21.18,6.09
m_000021,frame_000095.jpg,A2,31.72,16.96,7.66
m_000021,frame_000125.jpg,A2,-17.2,-17.15,1.96
m_000021,frame_000140.jpg,A2,7.24,36.45,4.95
m_000021,frame_000165.jpg,A2,12.5,-10.94,1.97
m_000021,frame_000178.jpg,A2,-0.97,-37,2.48
m_000021,frame_000361.jpg,A2,-15.51,23.92,-3.32
m_000021,frame_000367.jpg,A2,-19.45,19.82,-3.12
m_000021,frame_000499.jpg,A2,12.21,11.17,1.92
m_000021,frame_000600.jpg,A2,-4.17,-40.02,2.25
m_000021,frame_000772.jpg,A2,1.68,4.77,1.17
m_000021,frame_000785.jpg,A2,3.43,-6.75,1.23
m_000021,frame_000840.jpg,A2,-0.05,-32.56,3.04
m_000021,frame_000940.jpg,A2,-8.1,24.05,-2.08
m_000022,frame_000607.jpg,A1,-1.84,-16.54,0.45
m_000022,frame_000073.jpg,A2,-32.07,-7.83,0.54
m_000022,frame_000086.jpg,A2,-24.71,27.66,-6.06
m_000022,frame_000126.jpg,A2,20.92,-0.42,2.2
m_000022,frame_000130.jpg,A2,26.47,0.14,2.9
m_000022,frame_000204.jpg,A2,-47.23,-4.14,-0.85
m_000022,frame_000352.jpg,A2,-50.45,0.81,-3.72
m_000022,frame_000483.jpg,A2,-50.34,36.64,-19.03
m_000022,frame_000558.jpg,A2,6.49,-20.96,-0.02
m_000022,frame_000577.jpg,A2,0.03,-52.9,1.67
m_000022,frame_000628.jpg,A2,1.4,-35.48,-0.11
m_000022,frame_000629.jpg,A2,-9.32,-44.18,3.28
m_000022,frame_000635.jpg,A2,-29.41,1.98,-2.18
m_000022,frame_000642.jpg,A2,-41.45,11.23,-5.97
m_000022,frame_000675.jpg,A2,15.59,-11.24,0.57
m_000023,frame_000001.jpg,A1,5.19,-14.6,0.34
m_000023,frame_000029.jpg,A2,8.98,-10.14,1.07
m_000023,frame_000032.jpg,A2,12.61,-10.48,0.57
m_000023,frame_000043.jpg,A2,-11.2,30.37,-2.39
m_000023,frame_000044.jpg,A2,-11.86,30.61,-2.81
m_000023,frame_000048.jpg,A2,2.15,21.05,2.46
m_000023,frame_000136.jpg,A2,-0.33,-30.54,1.38
m_000023,frame_000154.jpg,A2,3.09,-2.01,0.56
m_000023,frame_000342.jpg,A2,14.37,29.78,5.86
m_000023,frame_000356.jpg,A2,17.19,16.09,4.39
m_000023,frame_000468.jpg,A2,5.52,-27.33,0.06
m_000023,frame_000636.jpg,A2,5.69,39.72,3.97
m_000023,frame_000655.jpg,A2,3.81,-2.37,0.25
m_000023,frame_000679.jpg,A2,-14.74,-9.46,0.15
m_000024,frame_000006.jpg,A1,-6.72,8.41,-0.51
m_000024,frame_000003.jpg,A2,-26.72,-0.08,-0.74
m_000024,frame_000005.jpg,A2,-43.51,22.1,-10.92
m_000024,frame_000077.jpg,A2,-20.57,15.39,-3.53
m_000024,frame_000144.jpg,A2,-31.71,2.2,-2.32
m_000024,frame_000398.jpg,A2,-24.2,28.29,-6.45
m_000024,frame_000452.jpg,A2,-61.36,36.04,-24.4
m_000024,frame_000678.jpg,A2,-14.44,32.23,-2.96
m_000025,frame_000001.jpg,A1,6.55,-15.48,0.23
m_000025,frame_000030.jpg,A2,0.95,11.67,2.58
m_000025,frame_000329.jpg,A2,25.16,-13.03,1.89
m_000025,frame_000331.jpg,A2,9.42,-6.12,2.15
m_000025,frame_000582.jpg,A2,2.62,21.04,1.61
m_000025,frame_000608.jpg,A2,3.68,35.01,2.91
m_000025,frame_000682.jpg,A2,-9.02,-17.32,0.57
m_000025,frame_000771.jpg,A2,-0.96,-14.83,1.17
m_000025,frame_000846.jpg,A2,-4.94,-41.24,3.24
m_000025,frame_000878.jpg,A2,-2.41,-11.72,1.06
m_000026,frame_000018.jpg,A1,13.52,-3.73,2.17
m_000026,frame_000000.jpg,A2,-2.01,-10.91,0.4
m_000026,frame_000052.jpg,A2,20.28,30.96,8.22
m_000026,frame_000063.jpg,A2,-17.53,0.97,-2.32
m_000026,frame_000139.jpg,A2,1.87,23.21,1.36
m_000026,frame_000374.jpg,A2,-23.78,-29.99,4.06
m_000026,frame_000587.jpg,A2,3.58,-24.29,0.84
m_000026,frame_000626.jpg,A2,-28.25,-26.9,4.3
m_000026,frame_000654.jpg,A2,-6.09,-29.7,3.11
m_000026,frame_000680.jpg,A2,-9.17,-45.11,4.36
m_000026,frame_000735.jpg,A2,7.12,-18.32,0.33
m_000026,frame_000749.jpg,A2,5.97,-17.82,0.17
m_000026,frame_000774.jpg,A2,5.58,-10.19,-0.2
m_000026,frame_000840.jpg,A2,-54.64,17.37,-13.77
m_000027,frame_000069.jpg,A1,36.42,-14.97,0.45
m_000027,frame_000001.jpg,A2,47.54,4.15,6.41
m_000027,frame_000238.jpg,A2,36.63,-22.68,-2.03
m_000027,frame_000262.jpg,A2,30.44,0.81,2.89
m_000027,frame_000288.jpg,A2,-34.03,-20.18,3.51
m_000027,frame_000383.jpg,A2,4.22,-16.58,1.43
m_000027,frame_000394.jpg,A2,29.87,28.5,15.56
m_000027,frame_000580.jpg,A2,17.26,35.15,9.27
m_000027,frame_000798.jpg,A2,17.06,-0.09,3.26
m_000027,frame_000995.jpg,A2,29.19,-2.62,1.17
m_000027,frame_001039.jpg,A2,-11.6,-18.08,1.03
m_000027,frame_001105.jpg,A2,-34.76,3.12,-2.8
m_000027,frame_001198.jpg,A2,-38.7,-18.4,3.83
m_000027,frame_001258.jpg,A2,-48.37,35.01,-17.77
m_000027,frame_001366.jpg,A2,-21.89,19.82,-4.67
m_000027,frame_001393.jpg,A2,27.48,42.83,14.59
m_000027,frame_001530.jpg,A2,23.7,4.55,1.16
m_000028,frame_000111.jpg,A1,2.59,-6.9,1
m_000028,frame_000016.jpg,A2,-15.84,-21.57,1.49
m_000028,frame_000042.jpg,A2,-1.92,-14.58,0.67
m_000028,frame_000104.jpg,A2,-23.5,-25.28,2.07
m_000028,frame_000107.jpg,A2,1.2,-5.9,1.43
m_000028,frame_000176.jpg,A2,-61.6,1,-1.47
m_000028,frame_000202.jpg,A2,45.74,-26.69,-6.76
m_000028,frame_000230.jpg,A2,66.77,11.07,16.91
m_000028,frame_000252.jpg,A2,-67.91,28.21,-20.64
m_000028,frame_000272.jpg,A2,-39.91,8.46,-4.87
m_000028,frame_000285.jpg,A2,7.47,17.95,2.22
m_000028,frame_000330.jpg,A2,-2.25,4.38,0.61
m_000028,frame_000461.jpg,A2,-37.46,-27.49,7.43
m_000028,frame_000471.jpg,A2,-22.89,-21.59,3.01
m_000028,frame_000475.jpg,A2,8.26,-20.24,-0.22
m_000028,frame_000515.jpg,A2,43.24,28.23,17.11
m_000028,frame_000529.jpg,A2,2.57,-5.14,0.56
m_000028,frame_000542.jpg,A2,8.89,1.72,3.02
m_000028,frame_000556.jpg,A2,-1.17,-4.81,0.89
m_000028,frame_000570.jpg,A2,26.43,-7.18,1.32
m_000028,frame_000583.jpg,A2,28.35,21.06,6.89
m_000028,frame_000586.jpg,A2,49.66,-5.54,3.93
m_000029,frame_000061.jpg,A1,-3.36,0.63,1.6
m_000029,frame_000001.jpg,A2,-2.36,-26.76,1.06
m_000029,frame_000045.jpg,A2,28.54,-4.59,0.71
m_000029,frame_000059.jpg,A2,-1.79,3.64,0.72
m_000029,frame_000193.jpg,A2,-43.15,-33.75,8.21
m_000029,frame_000206.jpg,A2,-46.91,2.83,-10.86
m_000029,frame_000221.jpg,A2,21.62,-22,-1.82
m_000029,frame_000260.jpg,A2,-1.92,-7.16,1.62
m_000029,frame_000302.jpg,A2,-7.69,24.4,1.19
m_000029,frame_000321.jpg,A2,16.26,26.38,8.29
m_000029,frame_000334.jpg,A2,-29.35,-0.02,-2.71
m_000029,frame_000357.jpg,A2,43.74,-5.63,3.54
m_000029,frame_000363.jpg,A2,23.4,27.01,9.33
m_000029,frame_000633.jpg,A2,-20.85,-22.38,1.78
m_000029,frame_000838.jpg,A2,6.22,14.58,3.55
m_000029,frame_000869.jpg,A2,4.87,12.9,1.36
m_000029,frame_000882.jpg,A2,2.01,34.7,2.65
m_000029,frame_000926.jpg,A2,41.31,26.13,9.9
m_000030,frame_000069.jpg,A1,-17.28,10.25,-2.59
m_000030,frame_000000.jpg,A2,20.77,-18.1,1.19
m_000030,frame_000001.jpg,A2,2.07,-0.51,0.84
m_000030,frame_000056.jpg,A2,-11.18,8.8,-0.63
m_000030,frame_000617.jpg,A2,-9.99,19.63,-0.44
m_000030,frame_000927.jpg,A2,-15.45,-10.96,2.58
m_000030,frame_001041.jpg,A2,-17.68,26.23,-3.83
m_000030,frame_001223.jpg,A2,-16.56,20.08,-2.88
m_000031,frame_000000.jpg,A1,14.28,-9.28,1.45
m_000031,frame_000001.jpg,A2,21.46,-11.91,1.58
m_000031,frame_000096.jpg,A2,-38.84,-4.66,-1.07
m_000031,frame_000138.jpg,A2,-45.58,34.45,-18.52
m_000031,frame_000148.jpg,A2,-25.86,31.72,-4.33
m_000031,frame_000258.jpg,A2,8.94,33.15,3.01
m_000031,frame_000324.jpg,A2,-1.6,-45.34,3.38
m_000031,frame_000435.jpg,A2,-21.56,-1.3,-0.57
m_000031,frame_000603.jpg,A2,8.52,-18.93,-0.25
m_000031,frame_000616.jpg,A2,1.16,-16.58,1.07
m_000032,frame_000004.jpg,A1,7.39,-5.87,1.22
m_000032,frame_000003.jpg,A2,3.14,-4.06,0.61
m_000032,frame_000018.jpg,A2,-6.06,34.35,-0.51
m_000032,frame_000044.jpg,A2,14.18,9.09,1.81
m_000032,frame_000173.jpg,A2,10.08,-20.44,0.42
m_000032,frame_000345.jpg,A2,-0.74,3.86,1.54
m_000032,frame_000452.jpg,A2,6.29,-8.62,1.44
m_000032,frame_000475.jpg,A2,20.45,-9.41,2.88
m_000032,frame_000530.jpg,A2,3.44,11.39,1.63
m_000032,frame_000539.jpg,A2,13.52,25.39,4.39
m_000032,frame_000730.jpg,A2,-2.48,-11.58,1.59
m_000032,frame_000769.jpg,A2,1.99,-8.81,1.02
m_000032,frame_000799.jpg,A2,-6.61,7.86,0.22
m_000032,frame_000800.jpg,A2,-5.91,7.76,0.43
m_000032,frame_000816.jpg,A2,32.71,35.7,14.78
m_000033,frame_000002.jpg,A1,1.1,-3.58,0.78
m_000033,frame_000056.jpg,A2,6.95,-13.13,1.71
m_000033,frame_000121.jpg,A2,-7.44,-29.48,1.67
m_000033,frame_000200.jpg,A2,17.49,-13.74,1.78
m_000033,frame_000317.jpg,A2,20.17,-23.3,-0.46
m_000033,frame_000369.jpg,A2,-7.03,-17.49,-0.51
m_000033,frame_000655.jpg,A2,18.64,-8.7,1.42
m_000033,frame_000673.jpg,A2,-31.71,14.16,-5.29
m_000033,frame_000711.jpg,A2,-25.3,-28.31,6.07
m_000033,frame_000759.jpg,A2,22.58,33.01,9.55
m_000033,frame_000770.jpg,A2,-11.05,-16.36,2.35
m_000033,frame_000781.jpg,A2,25.13,-26.01,-0.32
m_000034,frame_000001.jpg,A1,-4.36,-10.83,1.83
m_000034,frame_000017.jpg,A2,8.11,-22.09,1.39
m_000034,frame_000033.jpg,A2,-29.76,17.25,-6.47
m_000034,frame_000116.jpg,A2,11.18,-6.02,1.2
m_000034,frame_000169.jpg,A2,1.2,-29.08,0.92
m_000034,frame_000286.jpg,A2,7.71,-22.78,-4.11
m_000034,frame_000313.jpg,A2,53.82,-6.13,5.41
m_000034,frame_000524.jpg,A2,8.08,6.18,-0.09
m_000034,frame_000579.jpg,A2,-7.86,29.18,-1.15
m_000035,frame_000001.jpg,A1,0.66,-12.35,0.77
m_000035,frame_000005.jpg,A2,0.01,-10.75,0.93
m_000035,frame_000028.jpg,A2,46.52,9.5,6.68
m_000035,frame_000031.jpg,A2,10.8,4.54,1.4
m_000035,frame_000044.jpg,A2,8.4,-5.09,0.91
m_000035,frame_000084.jpg,A2,16.68,-21.59,-0.61
m_000035,frame_000135.jpg,A2,-14.22,33.48,1.02
m_000035,frame_000304.jpg,A2,-41.18,38.69,-12.94
m_000035,frame_000371.jpg,A2,0.84,-23.46,1.18
m_000035,frame_000372.jpg,A2,-3.03,-25.6,2.17
m_000035,frame_000386.jpg,A2,-2.45,-8.3,1.47
m_000035,frame_000577.jpg,A2,-57.02,12.74,-9.14
m_000035,frame_000746.jpg,A2,2.63,12.44,1.38
m_000035,frame_000768.jpg,A2,-7.92,34.56,-0.95
m_000035,frame_000981.jpg,A2,-23.19,35.54,-3.3
m_000035,frame_001121.jpg,A2,24.92,-29.27,-2.91
m_000035,frame_001211.jpg,A2,20.58,24.27,6.83
m_000035,frame_001289.jpg,A2,12.03,6.52,-9
m_000035,frame_001460.jpg,A2,-16.57,5.91,-0.51
m_000035,frame_001584.jpg,A2,-51.98,7.28,-6.33
m_000035,frame_001641.jpg,A2,-0.17,-5.68,1.21
m_000036,frame_000001.jpg,A1,-0.58,-6.91,0.5
m_000036,frame_000018.jpg,A2,-25.99,-16.7,1.14
m_000036,frame_000029.jpg,A2,12.16,1.05,0.75
m_000036,frame_000070.jpg,A2,2.62,-38.43,1.13
m_000036,frame_000134.jpg,A2,15.08,14.26,4.57
m_000036,frame_000385.jpg,A2,20.74,-26.32,2.09
m_000036,frame_000638.jpg,A2,-2.5,0.94,-0.09
m_000036,frame_000644.jpg,A2,6.52,25.85,3.79
m_000036,frame_000864.jpg,A2,7.34,33.92,3.91
m_000036,frame_000962.jpg,A2,-10.63,-1.65,-0.48
m_000036,frame_000982.jpg,A2,-0.36,-0.01,0.41
m_000037,frame_000003.jpg,A1,-4.42,-1.37,1.24
m_000037,frame_000001.jpg,A2,-10.97,4,0.27
m_000037,frame_000046.jpg,A2,-9.43,23.16,-1.73
m_000037,frame_000113.jpg,A2,14.35,3.82,1.6
m_000037,frame_000147.jpg,A2,-20.75,24.97,-3.93
m_000037,frame_000165.jpg,A2,0.68,-36.62,2.79
m_000037,frame_000297.jpg,A2,2.64,-8.46,0.62
m_000037,frame_000386.jpg,A2,-8,33.82,-3.44
m_000037,frame_000414.jpg,A2,4.89,-0.27,1.55
m_000037,frame_000691.jpg,A2,-2.53,37.19,-0.37
m_000037,frame_000702.jpg,A2,6.95,9.81,1.16
m_000037,frame_000756.jpg,A2,2.58,-3.47,0.84
m_000038,frame_000001.jpg,A1,2.23,-2.54,0.89
m_000038,frame_000030.jpg,A2,-5.79,-27.92,1.29
m_000038,frame_000056.jpg,A2,-14.97,-19.98,1.24
m_000038,frame_000070.jpg,A2,-1.71,0.94,0.38
m_000038,frame_000153.jpg,A2,-24.89,-13.83,3.11
m_000038,frame_000220.jpg,A2,-18.84,-27.8,3.54
m_000038,frame_000252.jpg,A2,-0.93,19.48,1.94
m_000038,frame_000322.jpg,A2,-5.26,14.12,0.1
m_000038,frame_000454.jpg,A2,-4.55,31.51,0.21
m_000038,frame_000848.jpg,A2,-6.99,-35.73,3.48
m_000038,frame_000864.jpg,A2,30.09,3.11,5.65
m_000038,frame_000901.jpg,A2,45.49,6.75,11.86
m_000038,frame_000953.jpg,A2,33.51,30.25,22.95
m_000039,frame_000000.jpg,A1,-18.08,-10.68,0.82
m_000039,frame_000084.jpg,A2,5.51,17.78,-0.42
m_000039,frame_000086.jpg,A2,-5.02,18.68,0.59
m_000039,frame_000110.jpg,A2,6.81,-14.15,1.55
m_000039,frame_000189.jpg,A2,7.44,-8.97,0.92
m_000039,frame_000261.jpg,A2,-0.67,-15.59,1.99
m_000039,frame_000274.jpg,A2,4.39,-12.32,0.7
m_000039,frame_000287.jpg,A2,-0.4,-29.28,1.47
m_000039,frame_000314.jpg,A2,-8.76,-3.8,0.47
m_000039,frame_000326.jpg,A2,4.38,-45.24,0.34
m_000039,frame_000340.jpg,A2,-44.15,-1.1,-4.23
m_000039,frame_000357.jpg,A2,-23.23,9.52,-4.57
m_000039,frame_000374.jpg,A2,-4.63,-17.03,0.92
m_000039,frame_000375.jpg,A2,-30.01,-7.34,-0.78
m_000039,frame_000439.jpg,A2,-48.89,-22.98,1.39
m_000039,frame_000556.jpg,A2,-25.88,2.38,-3.72
m_000039,frame_000656.jpg,A2,-12.18,17.48,-4.99
m_000039,frame_000658.jpg,A2,-7.38,4.8,-0.23
m_000039,frame_000672.jpg,A2,-14.31,15.64,0.17
m_000039,frame_001067.jpg,A2,21.71,-25.25,1.73
m_000039,frame_001095.jpg,A2,-1.76,-7.37,1.28
m_000040,frame_000000.jpg,A1,-4.29,-18.1,2.04
m_000040,frame_000001.jpg,A2,-0.8,-20.07,2.73
m_000040,frame_000019.jpg,A2,-5.07,-12.37,1.01
m_000040,frame_000084.jpg,A2,3.58,4.01,1.09
m_000040,frame_000095.jpg,A2,14.35,-1.84,0.27
m_000040,frame_000110.jpg,A2,5.1,16.01,3.87
m_000040,frame_000191.jpg,A2,18.05,3.25,3.27
m_000040,frame_000207.jpg,A2,20.22,2.37,2.8
m_000040,frame_000220.jpg,A2,-5.75,21.78,-1.99
m_000040,frame_000235.jpg,A2,-9.53,-20.72,1.62
m_000040,frame_000272.jpg,A2,-43.74,-10.73,0.31
m_000040,frame_000435.jpg,A2,-7.4,31.87,-1.41
m_000040,frame_000459.jpg,A2,6.62,-2.13,1.11
m_000040,frame_000467.jpg,A2,8.63,39.85,4.36
m_000040,frame_000565.jpg,A2,2.66,6.74,-0.14
m_000040,frame_000578.jpg,A2,-12.97,-6.98,0.42
m_000040,frame_000594.jpg,A2,17.37,33.31,7.56
m_000040,frame_000726.jpg,A2,3.42,15.27,1.96
m_000040,frame_000766.jpg,A2,-2.48,0.49,0.68
m_000040,frame_000899.jpg,A2,4.28,1.33,0.38
m_000040,frame_000933.jpg,A2,-35.3,-3.15,-2.31
m_000040,frame_001003.jpg,A2,26.36,32.88,11.9
m_000040,frame_001040.jpg,A2,34.87,25.34,-0.62
m_000040,frame_001053.jpg,A2,8.82,-21.65,-0.97
m_000040,frame_001066.jpg,A2,2.89,-1.24,-6.33
m_000040,frame_001067.jpg,A2,19.39,3.39,2.99
m_000040,frame_001196.jpg,A2,15.73,22.43,7.17
m_000040,frame_001302.jpg,A2,-12.06,-23.2,2.87
m_000040,frame_001317.jpg,A2,-18.99,1.48,-0.97
m_000040,frame_001446.jpg,A2,-3.08,-30.39,2.35
m_000040,frame_001503.jpg,A2,49,22.97,19.81
m_000041,frame_000061.jpg,A1,24.81,-5.52,1.72
m_000041,frame_000007.jpg,A2,53.5,37.61,30.88
m_000041,frame_000012.jpg,A2,51.65,46.97,34.38
m_000041,frame_000021.jpg,A2,5.7,-2.51,2.38
m_000041,frame_000035.jpg,A2,-33.68,-5.91,0.47
m_000041,frame_000118.jpg,A2,-7.66,-17.63,2.04
m_000041,frame_000144.jpg,A2,-25.43,-9.38,0.43
m_000041,frame_000157.jpg,A2,-22.38,-1.4,-0.58
m_000041,frame_000170.jpg,A2,-19.64,-22.14,2.52
m_000041,frame_000171.jpg,A2,2.59,-36.68,2.04
m_000041,frame_000198.jpg,A2,-7.2,-17.47,0.64
m_000041,frame_000251.jpg,A2,-17.04,-16.49,1.3
m_000041,frame_000293.jpg,A2,-10.84,-5.6,1.08
m_000041,frame_000445.jpg,A2,12.71,6.55,2.65
m_000041,frame_000461.jpg,A2,30.23,8.87,5.65
m_000041,frame_000478.jpg,A2,4.34,-5.56,1.71
m_000041,frame_000525.jpg,A2,19.38,-11.23,0.34
m_000041,frame_000575.jpg,A2,29.13,23.75,9.71
m_000041,frame_000604.jpg,A2,34.35,-8.08,-0.51
m_000042,frame_000145.jpg,A1,-12.26,-23.1,2.33
m_000042,frame_000004.jpg,A2,33.45,-19.35,-1.34
m_000042,frame_000118.jpg,A2,28.35,10.43,5.56
m_000042,frame_000143.jpg,A2,-4.03,-18.96,1.59
m_000042,frame_000319.jpg,A2,-5.97,41.39,-0.41
m_000042,frame_000403.jpg,A2,34.01,-15.85,-0.35
m_000042,frame_000453.jpg,A2,45.81,24.6,15.59
m_000042,frame_000458.jpg,A2,42.25,28.57,15.59
m_000042,frame_000497.jpg,A2,-15.26,7.68,-1.53
m_000042,frame_000690.jpg,A2,59.36,14.07,13.48
m_000042,frame_000696.jpg,A2,68.14,7.93,12.59
m_000042,frame_000703.jpg,A2,76.84,9.37,12.39
m_000042,frame_000704.jpg,A2,73.09,14.33,20.45
m_000043,frame_000058.jpg,A1,-4.68,-12.19,0.64
m_000043,frame_000001.jpg,A2,2.47,-12.98,0.75
m_000043,frame_000015.jpg,A2,-2.63,-29.44,1.32
m_000043,frame_000159.jpg,A2,-4.86,-17.86,1.71
m_000043,frame_000166.jpg,A2,24.38,-9.72,-0.18
m_000043,frame_000205.jpg,A2,-15.75,23.89,-4.82
m_000043,frame_000225.jpg,A2,-24.57,7.22,-2.6
m_000043,frame_000276.jpg,A2,16.18,-21.78,-2.27
m_000043,frame_000334.jpg,A2,-4.77,10.12,-1.42
m_000043,frame_000347.jpg,A2,-2.89,34.04,-1.38
m_000043,frame_000469.jpg,A2,-25.93,35.2,-8.81
m_000043,frame_000508.jpg,A2,-47.91,-10.37,0.88
m_000043,frame_000603.jpg,A2,-41.23,-35.46,9.64
m_000043,frame_000723.jpg,A2,-29.79,-29.71,5.31
m_000043,frame_000735.jpg,A2,-52.34,-47.69,19
m_000044,frame_000345.jpg,A1,18.38,-11.47,-0.19
m_000044,frame_000001.jpg,A2,53.5,6.68,8.97
m_000044,frame_000044.jpg,A2,41.04,18.18,9.77
m_000044,frame_000057.jpg,A2,19.71,14.48,5.72
m_000044,frame_000081.jpg,A2,24.1,30.09,10.45
m_000044,frame_000114.jpg,A2,0.83,26.09,1.09
m_000044,frame_000124.jpg,A2,-3.18,-10.26,0.26
m_000044,frame_000127.jpg,A2,7.45,34.85,4.69
m_000044,frame_000174.jpg,A2,20.94,18.82,4.83
m_000044,frame_000179.jpg,A2,24.96,20.46,6.21
m_000044,frame_000200.jpg,A2,-37.39,14.26,-7.16
m_000044,frame_000225.jpg,A2,-18.14,0.54,-0.84
m_000044,frame_000253.jpg,A2,48.23,37.27,21.72
m_000044,frame_000283.jpg,A2,17.03,-13.96,2.48
m_000044,frame_000324.jpg,A2,26.13,-34.46,-4.45
m_000044,frame_000351.jpg,A2,57.01,38.23,33.59
m_000044,frame_000391.jpg,A2,-9.01,-10.79,1.2
m_000044,frame_000427.jpg,A2,-33.76,8.65,-4.45
m_000044,frame_000519.jpg,A2,-51.25,18.35,-12.41
m_000044,frame_000527.jpg,A2,-44.53,34.35,-18.13
m_000044,frame_000537.jpg,A2,-6.38,-28.8,2.08
m_000044,frame_000613.jpg,A2,30.12,-39.83,-7.62
m_000044,frame_000626.jpg,A2,21.16,33.01,9.57
m_000044,frame_000639.jpg,A2,24.57,34.58,11.48
m_000044,frame_000668.jpg,A2,25.02,12.52,5.16
m_000044,frame_000679.jpg,A2,30.21,26.24,6.95
m_000045,frame_000744.jpg,A1,-2.86,4.53,0.51
m_000045,frame_000000.jpg,A2,0.09,-38.89,2.09
m_000045,frame_000042.jpg,A2,-7.07,-18.59,1.06
m_000045,frame_000067.jpg,A2,19.9,5.63,0.94
m_000045,frame_000094.jpg,A2,-3.28,-16.01,0.96
m_000045,frame_000272.jpg,A2,-3.07,13.28,3.36
m_000045,frame_000294.jpg,A2,-22.9,1.46,-0.03
m_000045,frame_000411.jpg,A2,-38.57,-3.44,-4.12
m_000045,frame_000545.jpg,A2,-6.64,-35.79,2.33
m_000045,frame_000550.jpg,A2,-2.69,-33.33,1.45
m_000045,frame_000616.jpg,A2,4.08,-8.22,1.74
m_000045,frame_000689.jpg,A2,6.22,27.5,2.06
m_000045,frame_000721.jpg,A2,3.98,18.68,1.3
m_000046,frame_000001.jpg,A1,-0.22,-5.14,0.5
m_000046,frame_000030.jpg,A2,-11.94,-42.05,3.47
m_000046,frame_000055.jpg,A2,-35.52,18.69,-7.31
m_000046,frame_000147.jpg,A2,-3.54,24.71,0.75
m_000046,frame_000254.jpg,A2,-49.55,-35.23,11.64
m_000046,frame_000328.jpg,A2,11.17,-20.97,0.25
m_000046,frame_000476.jpg,A2,-23.52,-22.66,2.89
m_000046,frame_000489.jpg,A2,10.37,-9.02,0.74
m_000046,frame_000601.jpg,A2,16.57,0.59,1.74
m_000046,frame_000642.jpg,A2,30.29,22.18,11.09
m_000046,frame_000651.jpg,A2,24.78,32.1,10.66
m_000046,frame_000665.jpg,A2,19.31,-15.33,1.13
m_000046,frame_000668.jpg,A2,15.08,-15.24,1.34
m_000046,frame_000707.jpg,A2,-0.34,1.37,0.1
m_000046,frame_000720.jpg,A2,-7.58,5.22,-1.58
m_000046,frame_000735.jpg,A2,-13.24,11.96,-2.29
m_000047,frame_000095.jpg,A1,-4.54,-11.39,1.66
m_000047,frame_000001.jpg,A2,-11.89,-15.21,1.3
m_000047,frame_000042.jpg,A2,-5.43,22.05,0.48
m_000047,frame_000108.jpg,A2,-1.54,-33.42,2.37
m_000047,frame_000199.jpg,A2,13.5,-13.62,-3.04
m_000047,frame_000226.jpg,A2,4.81,4.09,0.98
m_000047,frame_000438.jpg,A2,-8.88,3.68,-1.82
m_000047,frame_000443.jpg,A2,-1.07,-2.06,-0.63
m_000047,frame_000447.jpg,A2,20.79,-28.07,-2.16
m_000047,frame_000449.jpg,A2,9.87,-28.04,0.07
m_000047,frame_000459.jpg,A2,-12.39,-26.39,1.95
m_000047,frame_000500.jpg,A2,-7.47,-12.92,1.28
m_000047,frame_000603.jpg,A2,0.12,2.01,0.46
m_000047,frame_000631.jpg,A2,-5.05,-35.69,3.92
m_000048,frame_000003.jpg,A1,-4.07,-19.38,1.8
m_000048,frame_000030.jpg,A2,-2.97,0.3,0.61
m_000048,frame_000123.jpg,A2,11.33,-6.08,1.49
m_000048,frame_000148.jpg,A2,27.13,-1.5,3.23
m_000048,frame_000176.jpg,A2,18.69,-30.79,-2.54
m_000048,frame_000192.jpg,A2,43.57,-4.36,3.36
m_000048,frame_000201.jpg,A2,58.18,9.09,9.69
m_000048,frame_000252.jpg,A2,10.79,2.92,0.83
m_000048,frame_000395.jpg,A2,-21.67,1.5,-3.86
m_000048,frame_000648.jpg,A2,-3.08,0.22,-0.59
m_000048,frame_000676.jpg,A2,9.18,-16.73,-0.04
m_000048,frame_000771.jpg,A2,2.61,-10.21,1.43
m_000048,frame_000925.jpg,A2,-13.57,-3.46,-1.52
m_000048,frame_000939.jpg,A2,-22.2,6.3,-4.83
m_000048,frame_001099.jpg,A2,17.58,-20.71,-0.38
m_000049,frame_000000.jpg,A1,-1.35,-8.48,0.79
m_000049,frame_000002.jpg,A2,-2.96,-1.47,0.69
m_000049,frame_000036.jpg,A2,34.26,-14.12,0.68
m_000049,frame_000056.jpg,A2,13.25,9.94,3.27
m_000049,frame_000097.jpg,A2,19.94,18.53,5.99
m_000049,frame_000167.jpg,A2,-9.35,-18.54,1.65
m_000049,frame_000191.jpg,A2,-17.77,-20.58,1.81
m_000049,frame_000214.jpg,A2,-1.9,3.14,1.85
m_000049,frame_000290.jpg,A2,9.59,-31.06,6.21
m_000049,frame_000318.jpg,A2,13.17,29.61,6.57
m_000049,frame_000411.jpg,A2,-3.67,30.82,-0.7
m_000049,frame_000450.jpg,A2,-16.14,20.63,-3.44
m_000049,frame_000453.jpg,A2,-24.4,29.4,-6.4
m_000049,frame_000516.jpg,A2,29.84,-3.14,1.99
m_000049,frame_000528.jpg,A2,22.38,18.14,10.61
m_000049,frame_000580.jpg,A2,3.81,-18.98,0
m_000049,frame_000598.jpg,A2,-35.87,-14.78,1.45
m_000050,frame_000085.jpg,A1,-6.9,-15.37,0.37
m_000050,frame_000002.jpg,A2,0.2,4.31,0.05
m_000050,frame_000017.jpg,A2,23.73,-5.74,1.59
m_000050,frame_000018.jpg,A2,25.43,3.61,3.28
m_000050,frame_000045.jpg,A2,-25.36,-11.64,0.06
m_000050,frame_000061.jpg,A2,-24.4,-13.36,1.34
m_000050,frame_000094.jpg,A2,2.95,-11,0.62
m_000050,frame_000108.jpg,A2,41.31,-17.07,-1.18
m_000050,frame_000129.jpg,A2,41.15,16.49,11.12
m_000050,frame_000236.jpg,A2,-4.82,-10.28,0.45
m_000050,frame_000289.jpg,A2,15.27,24.11,5.37
m_000050,frame_000524.jpg,A2,-17.98,-21.91,3.29
m_000050,frame_000544.jpg,A2,-43.96,-4.48,-2.23
m_000050,frame_000583.jpg,A2,23.61,-10.93,0.63
m_000050,frame_000596.jpg,A2,20.47,-13.39,-0.16
m_000050,frame_000609.jpg,A2,2.23,-8.43,0.58
m_000050,frame_000647.jpg,A2,5.46,-24.8,-0.03
m_000050,frame_000689.jpg,A2,14.22,29.91,6.28
m_000050,frame_000690.jpg,A2,16.58,28.49,5.43
m_000050,frame_000770.jpg,A2,41.08,4.95,7.59
m_000050,frame_000789.jpg,A2,25.63,-24.35,-3.3
m_000050,frame_000932.jpg,A2,-1.61,-25.25,1.02
m_000050,frame_000989.jpg,A2,-9.86,-12.75,0.91
m_000050,frame_001063.jpg,A2,-54.66,16.97,-12.48
m_000050,frame_001072.jpg,A2,-59.73,3.75,-0.11
m_000050,frame_001146.jpg,A2,-37.82,-21.9,2.99
m_000050,frame_001157.jpg,A2,-47.89,-35.31,12.62
m_000050,frame_001165.jpg,A2,-15.42,-16.95,0.7
m_000050,frame_001183.jpg,A2,-25.42,-12.27,-1.37
m_000051,frame_000015.jpg,A1,-23.12,-0.77,-0.01
m_000051,frame_000002.jpg,A2,5.87,2.08,0.87
m_000051,frame_000017.jpg,A2,-4.8,6.6,0.95
m_000051,frame_000048.jpg,A2,25.16,-14.91,0.75
m_000051,frame_000213.jpg,A2,25.67,-9.46,0.36
m_000051,frame_000278.jpg,A2,21.32,12.67,5.64
m_000051,frame_000284.jpg,A2,17.08,7.12,0.3
m_000051,frame_000348.jpg,A2,27.98,30.57,11.42
m_000051,frame_000402.jpg,A2,5.01,-8.77,0.98
m_000051,frame_000466.jpg,A2,2.73,-22.1,1.61
m_000051,frame_000587.jpg,A2,-12.51,1.58,0.44
m_000051,frame_000602.jpg,A2,33.95,2.29,4.34
m_000051,frame_000642.jpg,A2,-2.65,31.54,2.96
m_000051,frame_000652.jpg,A2,-5.33,31.39,1.16
m_000051,frame_000758.jpg,A2,45.56,14.59,14.79
m_000051,frame_000770.jpg,A2,-27.73,-4.98,0.44
m_000051,frame_000921.jpg,A2,22.98,34.49,13.87
m_000051,frame_000947.jpg,A2,8.33,20.58,2.27
m_000051,frame_001112.jpg,A2,21.72,-8.06,2.69
m_000051,frame_001157.jpg,A2,42.73,-11.82,1.25
m_000052,frame_000004.jpg,A1,-1.43,-13.96,0.68
m_000052,frame_000001.jpg,A2,-19.88,11.28,-2.03
m_000052,frame_000017.jpg,A2,19.04,-20.76,-1.96
m_000052,frame_000049.jpg,A2,10.28,-29.2,-1.65
m_000052,frame_000050.jpg,A2,3.43,-25.24,0.06
m_000052,frame_000094.jpg,A2,32.02,-3.96,2.3
m_000052,frame_000105.jpg,A2,-39.91,7.5,-4.93
m_000052,frame_000121.jpg,A2,-0.65,-11.99,0.1
m_000052,frame_000154.jpg,A2,-30.28,33.13,-8.31
m_000052,frame_000174.jpg,A2,-6.49,12.82,-3.58
m_000052,frame_000248.jpg,A2,4.58,7.45,0.95
m_000052,frame_000284.jpg,A2,-40.33,11.38,-7
m_000052,frame_000308.jpg,A2,14,7.63,0.66
m_000052,frame_000314.jpg,A2,19.09,18.43,4.27
m_000052,frame_000413.jpg,A2,9.79,25.31,3.06
m_000052,frame_000416.jpg,A2,21.64,35.33,9.65
m_000052,frame_000452.jpg,A2,-4.4,-16.37,1.2
m_000052,frame_000510.jpg,A2,31.69,-21.32,-0.93
m_000052,frame_000553.jpg,A2,0.37,6.05,-0.71
m_000052,frame_000567.jpg,A2,15.71,-20.97,-0.26
m_000052,frame_000578.jpg,A2,3.94,-15.58,0.45
m_000053,frame_000002.jpg,A1,-6.35,-0.83,0.3
m_000053,frame_000045.jpg,A2,18.37,-33.83,-4.05
m_000053,frame_000074.jpg,A2,40.44,-9.88,-1.45
m_000053,frame_000097.jpg,A2,-10.29,-1.03,0.73
m_000053,frame_000113.jpg,A2,-47.68,-20.58,4.18
m_000053,frame_000115.jpg,A2,-6.5,-30.67,2.56
m_000053,frame_000129.jpg,A2,17.63,16.65,4.5
m_000053,frame_000130.jpg,A2,-0.26,-23.62,-1.14
m_000053,frame_000245.jpg,A2,31.18,-33.05,-9.11
m_000053,frame_000308.jpg,A2,26.22,-37.8,-6.99
m_000053,frame_000326.jpg,A2,-4.12,32.71,-0.09
m_000053,frame_000386.jpg,A2,-2.81,5.55,1.82
m_000053,frame_000416.jpg,A2,-28.65,15.25,-5.63
m_000053,frame_000562.jpg,A2,18.37,4.8,1.08
m_000053,frame_000585.jpg,A2,6.83,15.51,1.77
m_000053,frame_000716.jpg,A2,6.16,23.19,0.98
m_000053,frame_000732.jpg,A2,16.09,28.14,4.85
m_000053,frame_000739.jpg,A2,29.1,16.56,7.48
m_000053,frame_000819.jpg,A2,0.02,8.34,1.92
m_000054,frame_000028.jpg,A1,-2.35,-5.2,0.98
m_000054,frame_000002.jpg,A2,-5.93,-11.78,1.58
m_000054,frame_000056.jpg,A2,-1.05,14,1.11
m_000054,frame_000069.jpg,A2,-7.57,-3.23,0.6
m_000054,frame_000102.jpg,A2,-11.38,-21.18,3.13
m_000054,frame_000201.jpg,A2,52.64,-31.07,-8.34
m_000054,frame_000284.jpg,A2,-28.4,30.4,-7.5
m_000054,frame_000311.jpg,A2,26.22,35.46,15.39
m_000054,frame_000391.jpg,A2,18.51,-28.4,-2.91
m_000054,frame_000403.jpg,A2,48.22,23.14,21.85
m_000054,frame_000502.jpg,A2,-4.33,-2.4,1.23
m_000054,frame_000559.jpg,A2,21.57,-33.09,-2.11
m_000054,frame_000573.jpg,A2,28.82,-4.85,2.44
m_000054,frame_000614.jpg,A2,7.14,26.21,5.07
m_000054,frame_000616.jpg,A2,14.28,-14.52,0.89
m_000054,frame_000633.jpg,A2,-37.45,11.71,-5.11
m_000054,frame_000659.jpg,A2,-36.01,-12.21,2.24
m_000054,frame_000674.jpg,A2,-20.82,-33.5,6.42
m_000054,frame_000698.jpg,A2,-25.24,-7.37,1.05
m_000054,frame_000873.jpg,A2,11.83,20.4,4.03
m_000054,frame_001181.jpg,A2,30.9,-35.23,-6.05
m_000054,frame_001336.jpg,A2,-59.51,-14.98,3.61
m_000054,frame_001343.jpg,A2,-62.43,-19.69,6.65
m_000054,frame_001355.jpg,A2,21.87,0.75,2.87
m_000054,frame_001366.jpg,A2,16.02,-12.51,0.31
m_000054,frame_001381.jpg,A2,10.56,-0.1,2.19
m_000054,frame_001394.jpg,A2,-13.05,-21.09,3.22
m_000054,frame_001418.jpg,A2,-39.4,-16.54,2.31
m_000054,frame_001443.jpg,A2,-5.23,-12.79,1.44
m_000054,frame_001471.jpg,A2,-6.94,-22.88,3.08
m_000054,frame_001484.jpg,A2,-8.49,-12.87,1.16
m_000054,frame_001494.jpg,A2,-16.52,-11.9,1.3
m_000054,frame_001521.jpg,A2,13.53,-18.51,0.07
m_000054,frame_001524.jpg,A2,5.83,-3.03,1.59
m_000054,frame_001534.jpg,A2,0.62,-7.41,1.2
m_000055,frame_000005.jpg,A1,1.75,-9.31,0.61
m_000055,frame_000001.jpg,A2,12.53,-7.79,1.01
m_000055,frame_000100.jpg,A2,31.64,-34.48,-3.01
m_000055,frame_000126.jpg,A2,39.85,4.85,6.64
m_000055,frame_000151.jpg,A2,-6.25,-31.33,1.13
m_000055,frame_000165.jpg,A2,25.07,-39.58,-4.63
m_000055,frame_000204.jpg,A2,57.46,12.34,14.89
m_000055,frame_000205.jpg,A2,59.8,6.62,12.85
m_000055,frame_000228.jpg,A2,-15.28,18.88,-2.38
m_000055,frame_000229.jpg,A2,-26.98,20.77,-6.65
m_000055,frame_000233.jpg,A2,-14.99,-1.84,-0.38
m_000055,frame_000280.jpg,A2,-22.79,2.55,-3.17
m_000055,frame_000311.jpg,A2,-52.56,-4.05,-2.86
m_000055,frame_000320.jpg,A2,-46.72,-11.14,0.7
m_000055,frame_000339.jpg,A2,-56.5,-11.26,-2.25
m_000055,frame_000366.jpg,A2,28.73,-22.94,-2.69
m_000055,frame_000389.jpg,A2,-30.12,-23.3,3.36
m_000055,frame_000394.jpg,A2,-35.83,-20.27,3.73
m_000055,frame_000402.jpg,A2,-25.72,-16.46,1.88
m_000055,frame_000432.jpg,A2,40.07,-6.02,2.9
m_000055,frame_000445.jpg,A2,16.5,4.95,2.24
m_000055,frame_000455.jpg,A2,32.24,13.08,6.51
m_000055,frame_000512.jpg,A2,9.76,-32.35,-1.37
m_000055,frame_000554.jpg,A2,-38.94,-3.5,-1.55
m_000055,frame_000633.jpg,A2,-1.32,-17.66,0.77
m_000056,frame_000001.jpg,A1,1.96,-21.01,0.98
m_000056,frame_000008.jpg,A2,22.28,11.87,5.26
m_000056,frame_000018.jpg,A2,2.12,-2.29,0.49
m_000056,frame_000031.jpg,A2,15.06,6.65,2.92
m_000056,frame_000173.jpg,A2,20.93,15.36,5.56
m_000056,frame_000226.jpg,A2,9.59,31.51,4.31
m_000056,frame_000239.jpg,A2,4.73,24.14,2.43
m_000056,frame_000368.jpg,A2,4.78,-19.92,0.27
m_000056,frame_000491.jpg,A2,-21.91,-0.26,0.24
m_000056,frame_000497.jpg,A2,-24.81,2.27,-0.98
m_000056,frame_000520.jpg,A2,0.48,-11.24,1.08
m_000056,frame_000585.jpg,A2,8.32,-30.26,-1.68
m_000056,frame_000624.jpg,A2,2.99,-15.36,0.59
m_000056,frame_001112.jpg,A2,-3.71,12.93,0.49
m_000056,frame_001213.jpg,A2,-2.14,39.08,1.42
m_000056,frame_001436.jpg,A2,3.64,12.52,1.74
m_000057,frame_000014.jpg,A1,0.61,-2.06,0.99
m_000057,frame_000000.jpg,A2,1.25,-4.52,0.65
m_000057,frame_000044.jpg,A2,-12.06,-5.85,0.83
m_000057,frame_000508.jpg,A2,8.68,-33.79,2.63
m_000057,frame_000631.jpg,A2,21.27,23.79,8.17
m_000057,frame_000708.jpg,A2,53.62,19.16,17.18
m_000057,frame_001256.jpg,A2,-0.88,13.46,1.66
m_000057,frame_001346.jpg,A2,-5.2,-8.29,0.41
m_000058,frame_000001.jpg,A1,-8.75,-5.49,0.53
m_000058,frame_000083.jpg,A2,11.24,-30.05,0.75
m_000058,frame_000096.jpg,A2,3.75,-28.12,1.29
m_000058,frame_000122.jpg,A2,24.42,-27.49,-1.48
m_000058,frame_000196.jpg,A2,-1.94,-32.85,3.72
m_000058,frame_000198.jpg,A2,11.65,-41.58,0.29
m_000058,frame_000649.jpg,A2,5.09,37.23,3.7
m_000058,frame_000829.jpg,A2,-3.2,11.01,1.46
m_000058,frame_000970.jpg,A2,16.26,26.48,5.08
m_000059,frame_000004.jpg,A1,5.92,-5.02,0.99
m_000059,frame_000000.jpg,A2,9.88,7.65,2.15
m_000059,frame_000028.jpg,A2,26.35,27.36,8.4
m_000059,frame_000056.jpg,A2,9.18,23.53,4.45
m_000059,frame_000069.jpg,A2,-5.84,14.54,0.11
m_000059,frame_000088.jpg,A2,24.45,16.9,5.34
m_000059,frame_000126.jpg,A2,-22.79,-2.3,-3.43
m_000059,frame_000189.jpg,A2,3.72,18.93,2.78
m_000059,frame_000229.jpg,A2,36.56,10.88,6.1
m_000059,frame_000259.jpg,A2,-0.59,3.24,1.12
m_000059,frame_000348.jpg,A2,6.9,19.2,1.97
m_000059,frame_000396.jpg,A2,-5.95,28.19,-1.41
m_000059,frame_000487.jpg,A2,-38.35,6.15,-3.93
m_000059,frame_000631.jpg,A2,-6.76,27.19,0.68
m_000059,frame_000693.jpg,A2,-32.2,-8.73,1.29
m_000059,frame_000782.jpg,A2,49.46,16.3,14.96
m_000059,frame_000783.jpg,A2,1.95,12.08,-0.05
m_000059,frame_000926.jpg,A2,-9.01,-7.16,0.66
m_000059,frame_001047.jpg,A2,-1.17,-18.4,1.68
m_000059,frame_001061.jpg,A2,6.4,12.86,2.1
m_000059,frame_001087.jpg,A2,43.3,10.23,7.68
m_000059,frame_001099.jpg,A2,-4.87,-5.25,0.83
m_000059,frame_001102.jpg,A2,-34.05,2.35,-3.13
m_000059,frame_001114.jpg,A2,-25.37,8.66,-2.26
m_000059,frame_001127.jpg,A2,-2.39,-10.51,0.91
m_000059,frame_001140.jpg,A2,23.46,12.64,5.2
m_000059,frame_001190.jpg,A2,1.93,-33.21,1.29
m_000059,frame_001193.jpg,A2,1.2,-3.91,1.02
m_000059,frame_001199.jpg,A2,0.41,4.98,1.36
m_000060,frame_000513.jpg,A1,-30.18,13.5,-4.55
m_000060,frame_000003.jpg,A2,-28.16,-16.78,2.45
m_000060,frame_000017.jpg,A2,-17.58,29.98,-4.61
m_000060,frame_000044.jpg,A2,-24.12,22.75,-4.83
m_000060,frame_000055.jpg,A2,-8.05,2.27,1.2
m_000060,frame_000057.jpg,A2,-7.84,13.43,-0.07
m_000060,frame_000058.jpg,A2,-16.3,8.49,-1.17
m_000060,frame_000085.jpg,A2,-19.58,-3.67,0.74
m_000060,frame_000125.jpg,A2,-11.4,-4.83,1.68
m_000060,frame_000163.jpg,A2,-14.98,-11.01,0.07
m_000060,frame_000174.jpg,A2,-2.83,-29.58,0.53
m_000060,frame_000176.jpg,A2,-22.99,9.17,-1.34
m_000060,frame_000203.jpg,A2,2.75,1.15,0.75
m_000060,frame_000239.jpg,A2,-10.27,-7.16,-0.43
m_000060,frame_000241.jpg,A2,-24.9,-5.84,0.52
m_000060,frame_000279.jpg,A2,-6.32,-24.72,0.46
m_000060,frame_000306.jpg,A2,-10.09,-6.26,2.78
m_000060,frame_000348.jpg,A2,-12.11,-39.66,5.79
m_000060,frame_000361.jpg,A2,1.88,-3.06,1.9
m_000060,frame_000437.jpg,A2,-21.49,-11.3,2.22
m_000060,frame_000514.jpg,A2,-32.38,10.47,-3.97
m_000060,frame_000522.jpg,A2,-24.97,34.93,-8.38
m_000060,frame_000599.jpg,A2,-26.02,4.7,-2.61
m_000060,frame_000612.jpg,A2,-56.22,-13.9,2.02
m_000060,frame_000622.jpg,A2,-53.03,-2.54,-1.96
m_000060,frame_000626.jpg,A2,-37.04,25.68,-10.27
m_000060,frame_000639.jpg,A2,-4.33,-5.95,0.3
m_000060,frame_000642.jpg,A2,8.54,21.71,2.97
m_000060,frame_000643.jpg,A2,-2.41,28.58,0.4
m_000061,frame_000034.jpg,A1,-1.44,3.83,0
m_000061,frame_000000.jpg,A2,6.55,3.29,3.42
m_000061,frame_000201.jpg,A2,12.78,22.37,0.03
m_000061,frame_000214.jpg,A2,2.31,32.63,1.07
m_000061,frame_000319.jpg,A2,-33.43,-0.06,-0.08
m_000061,frame_000331.jpg,A2,-30.72,3.44,-3.28
m_000061,frame_000334.jpg,A2,-45.78,35.97,-16.49
m_000061,frame_000355.jpg,A2,-38.94,-1.99,-1.21
m_000061,frame_000487.jpg,A2,-52.76,16.69,-11.73
m_000061,frame_000595.jpg,A2,-37.87,30.58,-14.93
m_000061,frame_000760.jpg,A2,13.19,7.96,-1.63
m_000061,frame_000899.jpg,A2,-46.98,-6.51,-0.56
m_000062,frame_000006.jpg,A1,-13.68,-5.61,0.1
m_000062,frame_000002.jpg,A2,-19.17,1.17,-1.44
m_000062,frame_000007.jpg,A2,-5.87,-23.25,2.15
m_000062,frame_000041.jpg,A2,-3.51,7.98,0.23
m_000062,frame_000044.jpg,A2,5.39,-2.98,1.75
m_000062,frame_000081.jpg,A2,8.73,-5.41,-1.24
m_000062,frame_000097.jpg,A2,12.66,17.11,2.01
m_000062,frame_000149.jpg,A2,-23.68,-6.81,-0.44
m_000062,frame_000199.jpg,A2,1.15,11.81,1.2
m_000062,frame_000215.jpg,A2,-1.02,4.91,1.37
m_000062,frame_000384.jpg,A2,-11.58,40.94,-2.59
m_000062,frame_000397.jpg,A2,-3.24,-4.62,3.27
m_000062,frame_000502.jpg,A2,-45.56,-19.29,5.02
m_000062,frame_000576.jpg,A2,31.8,14.8,8.38
m_000062,frame_000591.jpg,A2,-59.49,-18.52,7.5
m_000062,frame_000676.jpg,A2,5.51,-11.16,1.22
m_000062,frame_000680.jpg,A2,7.8,-12.53,1.54
m_000062,frame_000691.jpg,A2,-30.39,39.05,-12.25
m_000062,frame_000693.jpg,A2,-15.6,-4.1,-1.04
m_000063,frame_001226.jpg,A1,-24.04,-1.36,0.38
m_000063,frame_000003.jpg,A2,-6.42,-21.77,2.57
m_000063,frame_000014.jpg,A2,-17.66,-22.48,1.43
m_000063,frame_000044.jpg,A2,-47.94,-12.09,1.89
m_000063,frame_000055.jpg,A2,-6.1,4.44,0.54
m_000063,frame_000065.jpg,A2,-13.02,19.29,-1.23
m_000063,frame_000068.jpg,A2,-22.67,25.62,-3.85
m_000063,frame_000071.jpg,A2,28.35,-21.12,-1.21
m_000063,frame_000109.jpg,A2,22.61,16.03,5.64
m_000063,frame_000135.jpg,A2,-0.82,-13.44,1.63
m_000063,frame_000213.jpg,A2,-58.11,-13.84,3.32
m_000063,frame_000226.jpg,A2,-48.83,-8.82,1.36
m_000063,frame_000343.jpg,A2,2.09,6.08,1.67
m_000063,frame_000380.jpg,A2,-48.71,36.89,-15.07
m_000063,frame_000409.jpg,A2,27.95,11.03,4.68
m_000063,frame_000437.jpg,A2,27.34,19.79,6.25
m_000063,frame_000445.jpg,A2,24.71,17,5.05
m_000063,frame_000528.jpg,A2,-7.74,-14.01,0.49
m_000063,frame_000640.jpg,A2,26.86,-0.69,2.14
m_000063,frame_000698.jpg,A2,-44.89,23.61,-12.69
m_000063,frame_000758.jpg,A2,23.45,18.69,7.88
m_000063,frame_000842.jpg,A2,-35.38,-31.53,6.72
m_000063,frame_000855.jpg,A2,-1.92,-23.16,0.42
m_000063,frame_001008.jpg,A2,12.34,33.01,5.7
m_000063,frame_001014.jpg,A2,-2.47,32.44,0.68
m_000063,frame_001092.jpg,A2,-18.52,-11.4,-1.18
m_000063,frame_001129.jpg,A2,-51.22,-13.05,0.54
m_000063,frame_001157.jpg,A2,-0.94,-32.63,1.16
m_000063,frame_001287.jpg,A2,24.23,13.46,5.6
m_000063,frame_001316.jpg,A2,58.89,2.82,6.31
m_000063,frame_001322.jpg,A2,43.46,-19.8,-1.52
m_000063,frame_001325.jpg,A2,46.39,7,7.94
m_000064,frame_000847.jpg,A1,12,-7.67,1.74
m_000064,frame_000072.jpg,A2,11.84,-31.22,0.19
m_000064,frame_000088.jpg,A2,-38.03,-34.89,9.05
m_000064,frame_000101.jpg,A2,21.98,-2.13,3.89
m_000064,frame_000115.jpg,A2,-3.39,12.7,2.12
m_000064,frame_000127.jpg,A2,-21.12,14.41,-2.83
m_000064,frame_000192.jpg,A2,3.04,1.49,2.6
m_000064,frame_000244.jpg,A2,2.1,23.9,2.19
m_000064,frame_000245.jpg,A2,2.47,41.87,1.66
m_000064,frame_000246.jpg,A2,1.82,50.31,1.76
m_000064,frame_000313.jpg,A2,-40.5,4.01,-3.15
m_000064,frame_000338.jpg,A2,17.83,20.15,6.84
m_000064,frame_000378.jpg,A2,12.23,-22.24,0.19
m_000064,frame_000481.jpg,A2,-11.11,19.27,-2.07
m_000064,frame_000568.jpg,A2,-13.98,-27.19,3.73
m_000064,frame_000604.jpg,A2,-27.46,-27.65,4.14
m_000064,frame_000709.jpg,A2,-28.49,16.57,-4.89
m_000064,frame_000739.jpg,A2,-36.97,35.36,-14.14
m_000064,frame_000778.jpg,A2,-54.83,-14.98,1.34
m_000064,frame_000780.jpg,A2,70.06,2.5,8.02
m_000064,frame_000822.jpg,A2,33.19,-27.23,-2.93
m_000064,frame_000829.jpg,A2,36.27,-12.23,1.47
m_000064,frame_000849.jpg,A2,11.21,-3.15,1.89
m_000064,frame_000876.jpg,A2,38.09,-23.46,-2.69
